researcher_id,full_name,source_url
0003D44F-1FBB-4D63-BDE2-E11D0B191A78,Anjam Khan,https://gtr.ukri.org/person/0003D44F-1FBB-4D63-BDE2-E11D0B191A78
02A2D0C2-DA3F-48DF-8FD8-F27140FAA0FA,Terence Sloan,https://gtr.ukri.org/person/02A2D0C2-DA3F-48DF-8FD8-F27140FAA0FA
064994EC-762B-454D-9DCA-D4E5169EE34D,Frederick Livesey,https://gtr.ukri.org/person/064994EC-762B-454D-9DCA-D4E5169EE34D
064AF9D4-C0EA-47C5-AAC2-BD5AD0407FCB,Jane Parker,https://gtr.ukri.org/person/064AF9D4-C0EA-47C5-AAC2-BD5AD0407FCB
01CA7C61-491E-45B1-AE34-CA0BE91A04C8,Francisca Mutapi,https://gtr.ukri.org/person/01CA7C61-491E-45B1-AE34-CA0BE91A04C8
0010221C-C855-4F35-8E36-087BFA9AF15D,David Bunton,https://gtr.ukri.org/person/0010221C-C855-4F35-8E36-087BFA9AF15D
00122ACF-107C-4C9D-A646-FD492352D7D0,Simon Beddows,https://gtr.ukri.org/person/00122ACF-107C-4C9D-A646-FD492352D7D0
001743F2-D7F0-4DC0-912A-ACB441351939,Laura Conforti,https://gtr.ukri.org/person/001743F2-D7F0-4DC0-912A-ACB441351939
002398B2-6E97-4D5A-BD3B-D195463D7AE2,Nicola Festuccia,https://gtr.ukri.org/person/002398B2-6E97-4D5A-BD3B-D195463D7AE2
002C2C0C-07F0-4DBF-BAEC-C97B047EF4AE,Holly Blake,https://gtr.ukri.org/person/002C2C0C-07F0-4DBF-BAEC-C97B047EF4AE
002C7B10-8094-4247-BF32-E7A274FB304C,Roy Sanderson,https://gtr.ukri.org/person/002C7B10-8094-4247-BF32-E7A274FB304C
003D7630-E76C-44A3-BF57-0CBEAED99FBC,John Aston,https://gtr.ukri.org/person/003D7630-E76C-44A3-BF57-0CBEAED99FBC
0045DBDF-966E-46AB-9209-D8F9CBE4B1FC,Maria Appleyard,https://gtr.ukri.org/person/0045DBDF-966E-46AB-9209-D8F9CBE4B1FC
06958A48-8D6D-4E9C-B204-570E76AB3CAA,Pat Doyle,https://gtr.ukri.org/person/06958A48-8D6D-4E9C-B204-570E76AB3CAA
009A36C7-DBA2-40E0-9F7C-D03301FF9E2D,David Shanks,https://gtr.ukri.org/person/009A36C7-DBA2-40E0-9F7C-D03301FF9E2D
00AA76AB-2766-48AE-96D9-C5BF1E10C26A,Aniko Varadi,https://gtr.ukri.org/person/00AA76AB-2766-48AE-96D9-C5BF1E10C26A
00AF0809-D14D-4147-BE92-6FC2CF313B28,Peter Keightley,https://gtr.ukri.org/person/00AF0809-D14D-4147-BE92-6FC2CF313B28
06C04367-189B-463C-AB59-358739FA3954,Vardhman Rakyan,https://gtr.ukri.org/person/06C04367-189B-463C-AB59-358739FA3954
00C1BE70-2524-471C-BA0E-BA07A0FC0C07,David Ryan Glowacki,https://gtr.ukri.org/person/00C1BE70-2524-471C-BA0E-BA07A0FC0C07
00CBBEF2-B62B-4720-B01C-CB8B2294324E,Sophia Ananiadou,https://gtr.ukri.org/person/00CBBEF2-B62B-4720-B01C-CB8B2294324E
00D084A2-59CF-46B8-9085-AB3881AF13A1,Gino Poulin,https://gtr.ukri.org/person/00D084A2-59CF-46B8-9085-AB3881AF13A1
00DD045C-4D5B-4C92-9996-2E487F5AFD95,David Littlewood,https://gtr.ukri.org/person/00DD045C-4D5B-4C92-9996-2E487F5AFD95
00E88C58-EA16-4756-856A-E77DF428EDF0,Nicola Holden,https://gtr.ukri.org/person/00E88C58-EA16-4756-856A-E77DF428EDF0
00F321B5-04E7-4C82-BA1A-93F5FAC79B20,Christopher Petkov,https://gtr.ukri.org/person/00F321B5-04E7-4C82-BA1A-93F5FAC79B20
00F53268-2492-40BB-9C1B-E3394E229112,Dave Rodger,https://gtr.ukri.org/person/00F53268-2492-40BB-9C1B-E3394E229112
00FAA1C0-3601-4DEA-B4C2-783E49E49868,Liam Morrison,https://gtr.ukri.org/person/00FAA1C0-3601-4DEA-B4C2-783E49E49868
0107EC77-84F3-4182-B8B2-AD73ED7E4BB0,Michelle McKinley,https://gtr.ukri.org/person/0107EC77-84F3-4182-B8B2-AD73ED7E4BB0
01103B71-79AE-4060-AFAD-291F3A9F8ECE,Yonghong Peng,https://gtr.ukri.org/person/01103B71-79AE-4060-AFAD-291F3A9F8ECE
0114B0BD-9EB7-4D48-9BD6-3FED2BC45FDD,Chittur Srinivasan,https://gtr.ukri.org/person/0114B0BD-9EB7-4D48-9BD6-3FED2BC45FDD
01222E1F-13BA-40DE-A5AB-251A80992C3C,Edward Codling,https://gtr.ukri.org/person/01222E1F-13BA-40DE-A5AB-251A80992C3C
00532642-0CA1-4022-A929-7B2C4F4D1643,Eric James Hill,https://gtr.ukri.org/person/00532642-0CA1-4022-A929-7B2C4F4D1643
00549524-FBFA-487B-BCFD-5E09C2330D59,Luc Bussiere,https://gtr.ukri.org/person/00549524-FBFA-487B-BCFD-5E09C2330D59
0056D0F9-7813-4FBF-9FC4-57F49B0BA209,Peter Somogyi,https://gtr.ukri.org/person/0056D0F9-7813-4FBF-9FC4-57F49B0BA209
0060F773-2DEB-4A82-80A5-0B4B1AF6A6CD,Adam Eyre-Walker,https://gtr.ukri.org/person/0060F773-2DEB-4A82-80A5-0B4B1AF6A6CD
012897B8-0FC0-4398-A0A0-AEB37D2F3BEA,Peter Moody,https://gtr.ukri.org/person/012897B8-0FC0-4398-A0A0-AEB37D2F3BEA
013D30AF-EA7A-4373-A2EF-8BE82CE5DF44,David Choi,https://gtr.ukri.org/person/013D30AF-EA7A-4373-A2EF-8BE82CE5DF44
013D7260-5109-427D-BE5E-0A01B01E462E,Robert Janes,https://gtr.ukri.org/person/013D7260-5109-427D-BE5E-0A01B01E462E
014B5D50-1B76-4A7B-8435-A653096C475F,Giuseppe Battaglia,https://gtr.ukri.org/person/014B5D50-1B76-4A7B-8435-A653096C475F
00617D87-DD49-4D85-9C6D-D69BB8A58B62,Ian Henderson,https://gtr.ukri.org/person/00617D87-DD49-4D85-9C6D-D69BB8A58B62
0066B5FC-8A64-4FF0-9F26-19CCCAEFA2A6,Mark Saunders,https://gtr.ukri.org/person/0066B5FC-8A64-4FF0-9F26-19CCCAEFA2A6
008014C3-24AB-4258-B493-9A4B3CC93A69,Jeffrey Hammond,https://gtr.ukri.org/person/008014C3-24AB-4258-B493-9A4B3CC93A69
008605AC-4E7A-4CEE-B1FD-0203BCF68AC8,Alan Bowman,https://gtr.ukri.org/person/008605AC-4E7A-4CEE-B1FD-0203BCF68AC8
014CFEB2-3043-440B-973B-8ABD8974DBF3,Kenneth Carslaw,https://gtr.ukri.org/person/014CFEB2-3043-440B-973B-8ABD8974DBF3
0156670F-81A5-4840-BD67-700164999012,Deborah Smith,https://gtr.ukri.org/person/0156670F-81A5-4840-BD67-700164999012
015782DF-483F-4813-AA42-AEEC01AF732A,Ilik Saccheri,https://gtr.ukri.org/person/015782DF-483F-4813-AA42-AEEC01AF732A
0162C637-4178-4CDC-B689-28716D3C4F53,Mike Barrett,https://gtr.ukri.org/person/0162C637-4178-4CDC-B689-28716D3C4F53
01714BCA-091E-4307-BE4D-816D46710A6A,Alessandro Sardini,https://gtr.ukri.org/person/01714BCA-091E-4307-BE4D-816D46710A6A
0172F194-864E-4641-95A2-BD92C8CB1834,Martin Brand,https://gtr.ukri.org/person/0172F194-864E-4641-95A2-BD92C8CB1834
017300FC-1FA7-48B3-8573-2A4C2FF0D83D,Philip Cohen,https://gtr.ukri.org/person/017300FC-1FA7-48B3-8573-2A4C2FF0D83D
0174F950-DD73-4DE1-B2DC-6F7E227CA073,Patrick Baker,https://gtr.ukri.org/person/0174F950-DD73-4DE1-B2DC-6F7E227CA073
